{
    "name": "root",
    "metadata": {
        "timer_format_version": "0.1.0",
        "start_time_seconds": "1748338508",
        "python_version": "3.9.13 (tags/v3.9.13:6de2ca5, May 17 2022, 16:36:42) [MSC v.1929 64 bit (AMD64)]",
        "command_line_arguments": "C:\\Users\\Kaka Dhika\\AppData\\Local\\Programs\\Python\\Python39\\Scripts\\mlagents-learn D:\\Github\\Bubble-Boom\\Bubble Boom\\Assets\\Scripts\\ML-Agenst\\dda_config.yaml --run-id=BubbleBoomTrain3",
        "mlagents_version": "0.30.0",
        "mlagents_envs_version": "0.30.0",
        "communication_protocol_version": "1.5.0",
        "pytorch_version": "2.7.0+cpu",
        "numpy_version": "1.21.2",
        "end_time_seconds": "1748338656"
    },
    "total": 148.04542089999998,
    "count": 1,
    "self": 0.01400499999999738,
    "children": {
        "run_training.setup": {
            "total": 0.09897010000000028,
            "count": 1,
            "self": 0.09897010000000028
        },
        "TrainerController.start_learning": {
            "total": 147.93244579999998,
            "count": 1,
            "self": 0.006265999999982341,
            "children": {
                "TrainerController._reset_env": {
                    "total": 16.3944799,
                    "count": 1,
                    "self": 16.3944799
                },
                "TrainerController.advance": {
                    "total": 130.5279477,
                    "count": 1,
                    "self": 0.003205900000011752,
                    "children": {
                        "env_step": {
                            "total": 130.5247418,
                            "count": 1,
                            "self": 130.52473369999998,
                            "children": {
                                "SubprocessEnvManager._take_step": {
                                    "total": 8.100000002286833e-06,
                                    "count": 1,
                                    "self": 8.100000002286833e-06
                                }
                            }
                        }
                    }
                },
                "TrainerController._save_models": {
                    "total": 1.003752200000008,
                    "count": 1,
                    "self": 0.005176000000005843,
                    "children": {
                        "RLTrainer._checkpoint": {
                            "total": 0.9985762000000022,
                            "count": 1,
                            "self": 0.9985762000000022
                        }
                    }
                }
            }
        }
    }
}